areasymbol,average_county_soil_ph
WI023,6.3321635684202295
LA091,5.210837912211672
TX013,6.886462367087401
MS015,5.370476548774095
WI089,6.818507119822115
WI133,6.74552447691421
MS065,4.9780877357947455
MS101,4.946960945200879
ND081,7.261812090325125
KS125,6.111371450536975
KY209,6.511920647980445
OR061,5.867788797178625
MN013,6.745398797552989
MN067,7.102957018222676
MS005,5.064619056292455
CO125,7.1199364382097645
MI123,5.904294962385269
MN055,6.585696697402553
IA091,6.86694696164936
PA115,5.4295116571363575
NC111,5.115347947325233
MS025,5.797034938114447
WA023,6.774095711637921
IL011,6.513296860946458
IL067,6.358188197207424
OR003,5.161562391489019
MI059,6.475103800925152
MO057,5.839827389434556
GA231,5.441246142478376
OH151,5.629590804414094
CO001,7.2614653292416245
NC139,4.906520882360573
WI005,5.894324551533996
TX439,7.324455715457715
IL171,6.492048133707989
KS033,7.189667048198542
NE143,6.259943684456241
WV039,5.324695668434586
TN165,5.722311525478219
WV069,5.721732574451386
LA125,5.5971331058020475
MI065,6.455427988371594
MN023,7.330650631683876
TN171,5.005489011137909
TX393,7.9041089187697455
IN153,6.248474246562902
MS115,5.3266999953783065
FL055,5.30500261111528
NE161,7.096489423618463
KY147,5.089403209122362
NC173,4.531584405117526
VT019,4.7904214496357795
GA259,5.308954609542002
TX063,5.797767419205174
OH037,6.4297417606796765
CAChemehuevi,7.889327285257925
KY137,6.069985829009824
OR057,4.568783483843045
TN609,5.413695875731761
CA713Valleys,6.43500512311883
FL095,5.300647992513342
MA603,5.221848866281576
MI099,6.822690037822858
AL091,5.432745806809336
AR093,6.421411017997949
IL047,6.1260116341456525
GA127,5.425815877018202
KY157,5.665649741534213
CA692,7.250109171002057
ND059,6.993472620446406
AR083,5.1872081815605835
TX187,7.12856891551058
IA065,6.517932265306736
HI801,5.923449664618693
PA083,5.060012240556032
MI141,6.3282054118410125
TX031,7.648912089390629
TX279,7.581170814125482
OH029,5.664992455768542
IL075,6.626950449113117
NC163,4.923740123099352
NE115,6.742807739555467
WV079,5.364823684875784
WY009,7.499625845357011
OK149,7.367475861205517
ID713,NA
AL123,5.410995002715915
NV013,7.81292448393617
KS161,6.664365358953339
UT013,7.29088015793568
NC145,5.544587675441238
WI037,5.655520372896024
MN017,5.5786956952410405
WA-130,5.359512420016503
SD067,7.008395131663487
GA299,4.577990384949148
LA013,5.2517499366700635
LA029,6.024666011965393
MT105,7.2448935072754
ND069,7.2348770319203055
IN105,5.644101579578024
WI601,6.578944425564694
CO014,7.207983711315185
MI055,5.746154590252859
IA161,6.557865772062912
OR007,4.602833123136486
MN027,7.309510313989507
MS141,4.948095656551111
AL063,5.360306392874054
AR021,5.669224187900654
MI081,6.280987693418649
MI113,5.740901946067074
NE125,6.842479202613681
WI043,6.372400971375163
MO111,6.228682776345876
TN035,4.7890368273261945
OH163,5.1384982048803085
FL615,7.390186276055006
ND009,7.1879007315264865
IN023,6.3250250947520925
TX377,7.726201121477545
NV015,7.573595617706763
IN015,6.37741193526235
VA075,5.352553950953679
KS059,6.179885690562363
AR013,5.214653756142362
GA199,5.459376217715915
IA035,6.5155551057031555
CO081,7.070575229615103
NE017,6.651319968753102
WY017,NA
AR051,5.3175135524058454
NY081,6.108733089534639
TN037,5.719994184555931
TX023,7.688781951663256
MO097,6.0801585532236055
PA067,5.225054958792329
FL093,5.266267384042019
LA079,5.6759939332643095
MI073,6.358467029583791
TN137,5.0131968241321605
OK033,7.211944141200261
WV091,5.478106122037595
ARCH,8.123716017121161
TN105,5.302290949527573
TN129,5.005679340951836
GA215,5.232504860457824
OK105,6.190484228269616
NC195,4.889751159536101
GA011,5.490154606586586
KS135,7.2103693001180025
OK001,5.421964096588264
VA159,4.828462578495972
GA021,5.242691933916424
NE095,6.234504874219444
NJ029,5.0866400893495385
NY025,5.197355013664865
KS105,7.123300110898818
OK043,7.347913373270317
NY017,5.678422755852827
RI005,5.269974149196068
NC079,4.8625268782204545
ND039,7.226913553915124
KY089,5.162202379109733
CO013,6.015600598589326
IL127,5.803355762028045
OK011,6.9022091968566786
CO051,6.599116739669015
NE027,7.004637371905439
MO205,6.456638122715546
CO061,7.583071397992954
KY646,5.972711610767638
WI047,6.62268903794684
KS113,6.2896300474359395
GA187,5.248245148132018
MI001,5.87584152411811
TX007,7.486388063517453
MT049,6.272732800556175
NJ009,5.6701198601585165
NM047,6.958386408983184
GA175,5.4814538830351065
KY601,6.481568492370758
IL117,6.392923252275028
WY665,5.504049988285771
ME019,4.732355583120874
TX423,5.703064945136427
IA115,6.321509579550915
KS141,7.400723322819008
KY221,5.737385849136929
WI033,6.052898691325919
MN073,7.224411254870638
FL109,5.289432065458137
MN081,7.1977128165341515
TX257,6.936741624724959
SC051,4.9785578518708
KS023,7.253076885203077
WV029,5.721732574451386
ID031,7.787722639079908
IN049,6.4016382578654
TX351,5.146696247511207
NM009,7.521543978333669
NV510,6.249863023119182
SD121,6.943965398589739
TN053,5.377805239936986
MA019,4.577763409622333
AL037,5.121631349768334
TN061,4.888272850337126
CO071,7.301235587937018
NE005,6.654330686890662
WI091,6.1726230887780345
AL005,5.06271457615133
OK069,6.418440098712516
OK153,7.100580086935151
MO047,6.479896515636869
AL013,5.013436502828949
VA059,5.403792966162867
IL165,6.095118173874158
IA045,6.383724217282074
CARL,5.259626140403837
SCBL,7.560700485625694
VT021,5.22345304190488
TN157,5.7333785711348195
NE155,6.296436774882591
MN169,6.579593886126698
AL007,4.89053816945192
INDU,6.383418636620407
ORCA,5.688917386029982
IA173,6.27404162509537
KS181,7.096002191457997
MO107,6.275140655101185
GA181,5.377134293392131
KY213,5.654364366417061
CA095,6.626493621741542
FL616,6.122128259337562
PA015,5.3661979422695
MN617,5.186330091091555
MN115,5.794326685524008
TN145,5.060978361938709
IA013,6.410992931983563
KY145,5.98847718771096
WV103,5.506315779108241
SC019,4.7628445011948175
IL053,6.682371064826001
GA225,5.158799023235163
KY203,5.249904326910084
FL051,5.82013270354946
KY053,5.485691689841191
AR089,5.820610157615727
KY045,5.791324524188011
NE063,6.890487230179846
NY071,5.593333498254294
KY641,5.084030887115468
AR005,5.866136990789158
UT029,6.625868445807529
KY131,5.181051479945682
CO041,6.838458399253743
KY611,5.971438826827058
MN011,7.4518193165736815
TX505,7.521698953966405
MO145,5.632018548411014
MT095,7.416960508529108
AK280,4.654052671734025
GA131,5.311137382768473
KS069,6.945380898336636
MN159,6.302347538552682
MO185,5.817200048817936
WI139,6.790330862158539
OH023,6.486032706363171
ID069,6.346609033488433
WV067,5.016469833594335
MO135,6.193762374936154
MO221,5.594709098431371
GA141,5.263283288797212
PA007,5.333929996529666
CA653,7.5873949372960405
OH127,5.684265744112836
FL123,4.786393102316939
TX103,7.689937069298887
GA219,5.462130917911531
MS067,4.928314121146324
NC189,5.137259313792
AK270,4.686850606459241
ID013,NA
FL606,6.239135057054718
TX369,7.4963349845836165
IL049,6.163820387026438
IA055,6.4318308579561565
TN069,5.150273367641154
ID005,NA
PA097,5.261515275348767
OH093,5.733365190595607
AL085,6.1591329174758664
SC009,5.065648624405084
SD029,7.011767812351573
OH137,6.301945062620815
ME009,4.479476795730856
TX247,6.841320721993037
ND101,7.147501146651487
MS147,5.0180647258242885
DEWA,5.200620162979245
GA043,5.243806338423777
CO107,5.911650641448294
ID065,6.664587393806488
OR033,5.688917386029982
KY604,6.496622841673035
MI097,5.2085633768519575
MS093,5.210265569639778
MI147,6.52582886748363
MT009,7.378427038371902
NM017,7.44923860164394
NV021,NA
OR009,4.93368913590918
TX325,7.553290133951419
MT079,7.614075954355419
GA151,5.529302850892836
IA021,6.682260011195609
WI059,6.578944425564694
TX047,6.629817693630984
MT041,7.288689273497693
NM053,7.807765933697811
PA053,4.921024856585144
NM688,7.836671829537834
WY023,NA
UT045,8.331441649567132
NE085,7.170034059149328
IL147,6.487954716034052
KY095,5.098877245962407
NE055,6.799149269973847
MN141,6.07744843251404
KY183,5.773439892164166
MN133,6.811995305011954
TX407,5.244070231136533
AK100,4.060873826832549
GA277,5.390104808997479
KY191,6.3681953911726294
MS079,4.998124561015874
COWP,5.455521257069484
TN073,5.557794634883182
KS177,6.327149009145595
KY019,5.162202379109733
DE003,5.685180862362497
SC081,5.3290892486802415
PA111,5.125107928810991
CO103,7.211501504769705
WA075,6.914066908022874
SC091,5.606494721229722
WA051,5.6899398970667905
KS073,6.555921260519458
NC127,5.126017634318084
AZ007,NA
MN035,5.323378448095338
NC073,4.565501050635741
MN045,6.457867160026108
AK180,5.40788680329689
SD003,6.830817546682225
AL045,4.886978552943503
SD087,7.004716141688801
VA139,4.960125376684371
TX335,7.738333842374421
NY023,5.599829056203828
AL055,5.05205319645357
SD055,7.399168467653133
IA001,6.275771652462213
TX151,7.470712301601173
IA113,6.379417816084388
TN017,5.423891563742934
AR037,5.677656635184188
TN047,5.290743858191725
IN053,6.5899509589308805
ID782,5.504049988285771
IN029,6.186826833797586
HI009,5.853923829100965
KY640,5.287010326060174
GATE,NA
KS133,6.203218967373265
LA033,5.336954073774998
UT001,NA
MS035,4.908541283071439
TN015,5.714767187168798
ID053,7.276048504384398
OH143,6.465840647714393
TX251,7.39745229788517
NY107,5.764102300855654
ID043,6.11085134465107
SC021,5.455521257069484
NE171,6.621720533466766
MN049,6.5273346012498825
MS045,5.076187124593687
NM033,6.688239229706111
SC037,5.424454794939224
GA079,5.4305901190913035
CA083,NA
MN039,6.487807731168663
ID047,7.027945790531027
FL117,5.629613837583064
KS005,6.23540231758496
NE093,6.632874762058389
WI069,5.711189660333148
TX383,8.17984590232927
NJ003,5.1355651848947765
ID057,5.492286297285179
KS091,6.40973704070484
NJ013,4.795251964661127
IL199,5.991850691168321
MI139,5.947428303518385
MT001,6.4521397831805904
IA193,6.868953357589801
GA085,5.248245148132018
OK119,6.602947680355456
TX003,7.345486481832272
IN119,5.880313120286507
FL073,5.086588354129931
OR682,4.582006941120153
NE033,7.09899894411478
TX419,5.365941473718417
VA035,5.139202732736511
LA059,5.218498978614799
OK013,6.350473290679974
CA103,NA
MO033,6.378638636143154
IA143,6.678236079268661
OK023,6.184084460680979
PA031,5.006770522933479
CA113,NA
NC005,5.327308832471876
MO041,6.383905107059342
GA611,4.640876909461696
NC606,5.064259648919385
AL115,5.072965204484135
MN097,5.93536757798928
ND091,7.22685398838168
CA039,6.276704902266208
WA013,6.662150435806521
CT011,5.509580260050099
IN047,6.175887037444246
CO067,6.592789311588535
TX357,7.5726535653286335
IN035,6.551857544521082
ND071,7.291536742374807
MI133,5.949778152685069
MN075,5.30193484130926
ND043,7.174884464742674
ND061,7.165639047258775
MI163,7.094782589812384
MT087,7.477787842204067
NV003,8.10296157762706
ID025,6.468042773429649
KY631,5.700165047740902
WV009,5.721732574451386
WV101,5.11863292957396
TX089,6.011106771149227
TX137,7.6248330549299554
GA315,5.326740626117919
NC105,5.231250539644527
TX293,6.73337349542135
TX459,5.465357900337456
MANA,5.259442373078186
PA043,5.383865560468895
NC033,5.426892983776181
WI127,6.619195295798165
IA179,6.22841619097669
NC153,5.0186193980376554
ND017,7.288560367296241
NE133,6.200984041747409
TN151,5.043382932100012
TX263,7.437557161323502
TX311,7.694327231669999
FL121,5.147035881512037
CO113,6.5900001804476025
WA035,5.364824357288189
IA019,6.495973135844698
OK133,6.36296317839045
WV023,5.240836915549564
RI007,5.269974149196068
IA099,6.335761056872075
OK141,7.306788088176217
PA001,5.762320684201709
TN610,5.3727861644002095
TN189,6.081856676719915
MO109,5.826064786316692
KY219,5.810305894709203
MS123,4.999059549568324
NY059,5.0136706606854755
SD099,6.962968491505151
TN003,5.884955386375813
IN075,6.630448867433076
IN113,6.534510150102756
GA053,5.196696712794207
NE119,6.932867287525592
AR067,5.654903358291161
NV031,7.482790467264035
NY069,6.402548441554863
IN085,6.470148913174012
PA071,5.814581824366963
NC115,4.986278307744084
LA099,6.29667509472562
TN147,5.942271107010336
MO067,5.42057018091159
UT041,7.965011255052648
LA041,5.474050341619384
CO047,5.906999005412664
OH099,5.601453693223601
IL107,6.322774819045876
CA025,8.133263569544642
TX249,7.232659365194631
OH013,5.822666048755208
TN097,6.198099578519051
WV019,5.20881622307498
AL011,5.075900980355363
IL081,6.089686366337109
IA027,6.436640482786821
MN137,5.392482919758948
IL055,6.194700532690876
KS081,7.314733868851306
IL021,6.376102976609568
IL091,6.89980601768412
IA053,6.3473366300996545
AZ012,8.184116289324916
TX205,7.687843113059352
KS047,6.369461017134309
KY647,5.726935945271222
MT023,6.117636311123955
SD075,7.464791459498696
CA075,6.3997342733443094
KY602,5.98847718771096
NM006,7.472271455671827
NM015,7.859755952051705
GA289,5.265408581882692
KS129,7.268263154407883
TX143,7.339970130952537
NE147,6.3499130875268
WA077,6.3364621628119515
TX327,7.687752103611547
MO077,5.943703200891234
GA157,5.517723895292357
KS169,6.453572547880609
FL086,7.260905053440872
NM055,7.031156353622577
LA017,5.710700926957893
PA059,5.843614684947499
DC001,5.239171598937495
CO642,6.071655405995216
MO155,6.158909065093238
LA021,5.243887951239586
PA087,5.225054958792329
MO167,6.019876597994677
NV027,8.081989451164736
IN081,6.485086862910673
PA013,5.19139186531983
WA045,5.152762392574442
IN071,5.94633730779456
IN141,6.347269688391789
KS085,6.264857381698263
ND033,7.2330227491980885
MI069,5.7758484751805375
VA600,6.285901110713006
ID079,5.53280085591119
VA173,5.561302745138093
TX199,4.644514934887933
GA069,5.104119119440345
GA245,5.237643315318955
NY047,6.121364774762273
CA089,NA
TX057,7.050276049943246
TX343,5.797767419205174
TX463,7.905159519440682
WI119,5.55945821694017
MD019,5.686916240865886
MI045,6.309621660501438
SD011,7.1119100291485235
CO109,6.551267034432637
NE173,6.999566821789149
MO121,6.249111106347793
SD045,7.171621301128326
VA087,5.100171171105736
MH190,7.729647509578545
MI039,4.965239396231077
GA093,5.303457842925353
OK037,6.019514206635813
TN125,5.953520358917528
VA013,4.9189121615246725
HI003,5.8905578814433595
KY177,5.700165047740902
WI103,6.215264008223054
CA055,6.294573397374862
MO029,5.569050074715235
OH085,5.723642681077663
IN131,6.305789150370683
GA083,5.280164232946482
MT065,7.585138170461042
KY083,5.544146004921023
KY169,5.874154958952417
TX363,7.292911351260841
NM688E,7.827173850751264
MS081,5.564292024222774
CO093,6.296571325630685
TX337,6.804072503959284
KY185,5.950895253305234
MI151,6.827181512534193
TX157,6.627418759712148
NY099,6.417956821031521
OH053,5.244415820435877
TN045,5.652607081587311
TN117,5.7982723012988755
IA063,6.830250979305767
IA109,6.8480555228600615
UT636,7.857502055495517
NE129,6.206032481331543
MS019,5.074467488265106
KS199,7.306468679180742
CO089,7.860544256976635
KY626,5.359331969432732
TX413,7.865922903706603
IA087,6.203268989373598
FL039,5.1110477127678315
KY618,6.069985829009824
MD009,4.994313166338003
MI025,6.298671788882325
MI035,5.5277363302878255
MN151,7.458462251384394
CABR,NA
KS183,7.109145630588208
NEU,5.480356008223517
NE057,7.059804747183421
WI099,5.5882154137940985
AR105,5.302322330575536
AZ009,7.359337240116593
CA057,6.055690872066586
TX451,8.063249631073639
NE177,6.8311765126400195
CA047,7.271557549172582
MO179,5.419248855175149
SC059,5.631945669672559
IL039,6.19785393555725
KS153,7.161223377189971
MO187,5.733014645706483
KS097,6.707965390973113
CA063,6.598791586640312
MN107,7.395715886888876
OK065,7.389230622701363
NE181,6.5395121246910115
NM039,6.979937358411238
GA077,5.436747495072273
OK053,6.545159142360416
IN169,6.5625446512862124
CA015,NA
OH049,6.4296502688960295
ID041,NA
ND049,7.179554486555353
OR041,4.56499086378479
TX355,7.817531132668489
VA165,5.172404226043871
LA067,5.378371116324994
MO009,5.576894251892263
OH001,5.914710896001704
VA017,4.855430853596177
VA187,5.228530324114339
SD031,NA
OK021,5.552720272493151
OK113,6.3018109643831846
FL081,5.3501203917485824
OK125,6.559615615808161
MI003,4.833249433931547
NY061,6.245463497652582
CO007,6.0465577038225975
NC047,4.967735469908166
TX145,7.273743959048386
TX269,7.783371634397378
SD061,7.008395131663487
IL003,6.245220488632477
FL127,5.428946696287701
GA107,5.34380456490187
PA029,5.697750686896559
NC179,5.003145304483058
ID073,7.090913376526908
FL065,5.0049731009973835
MI049,6.651943827781724
NY051,6.214373349717759
GA035,5.481310423439017
KY059,5.866913805344784
AL111,5.169151159264467
MT091,7.466900646179221
GA067,5.547198543544891
KS015,6.52046582809484
KY125,5.249904326910084
AR097,5.4010259856630825
VA143,5.588584948608849
IA159,6.461270485889217
KY155,5.804722945207025
TX215,7.5031784062865174
PA019,5.263810730479876
WI001,5.544447760407803
RI001,5.269974149196068
SD091,7.185270504431709
GA253,5.171302256807014
LA037,5.253430809730539
LA009,6.4430740322407285
WI087,6.666959771349618
FL133,4.994271887729235
CO037,5.971299205536507
CO117,5.288131536233075
ND013,7.115674034303916
TX065,7.654059390805104
TX237,6.84227502431038
OH031,5.704018764957421
GARI,4.746379069010417
MACA,5.45808444504508
NY053,6.208023003726248
TN001,5.1469442698610735
MN119,7.329523901661726
TX125,7.365913735836503
MN021,5.907442841841278
KY025,5.1240753438723905
WV085,5.267142638214203
NJ039,5.204328965286878
MO085,5.955790238955044
CT003,5.509580260050099
KS041,6.602298935447048
CO027,7.347878479474327
PA131,5.167256281187426
KY621,5.999782649030422
TX273,7.109792461407865
TX321,6.608092821172246
VA590,5.588584948608849
AR137,5.451437819978569
MD025,5.38839566149677
TX179,7.643594641870742
UT051,7.135566746128925
MI013,4.4361402077887115
AL069,5.1750894112591554
MI087,6.407326767549754
KY105,5.971438826827058
TX037,5.5545094131027755
KY113,6.665732298091138
NC095,4.311883199433932
MO075,6.574034288125084
MS107,5.105129765125314
MT037,NA
VA520,5.400002382363364
GA269,5.4305901190913035
ND087,7.136334763857509
TX301,7.541530562750905
NY115,5.462291260135739
SC015,5.202265525409597
IA187,6.815146592998426
ID001,7.169023001536038
LA011,5.1577236047276
ND027,7.275264120800467
WA055,5.359512420016503
MO095,6.438819527832339
MS039,4.98668592784718
NM023,7.647157716790861
VA740,4.937845352230096
GA297,5.444943820224719
WY003,NA
VA730,5.282330769749516
KY239,6.665732298091138
MN059,6.038956788459459
SC065,5.51393578285336
VA580,4.9244376242110075
IL191,6.420768216718643
IA073,6.796592396409513
KY079,6.069985829009824
NM003,7.300007162697777
SC075,5.049767729311803
VA131,5.2966216850758885
IN007,6.624540899469068
KY107,5.675774682758966
PA027,5.15103218413593
MS087,5.696398506492013
AK020,4.978415898943937
VA179,5.03040583364334
KY171,5.592814115552714
OR021,6.969266388708278
WI071,6.772009294576702
WA007,6.004457914872348
GA243,5.310598705206528
KY624,6.665732298091138
NE037,7.095899767794504
AL107,5.051232482259388
CA031,7.867492313241771
TX289,6.034945351627139
AL049,5.290526865312024
NE103,6.799776638801167
CA003,6.097534902399249
TX331,6.989133201368426
VA830,5.014698984802067
AR053,5.042997997226929
NY019,5.260815855968542
FL017,5.602693067322749
AR045,5.346035276061211
UT035,8.109730082105617
KY163,5.59803917267128
ND103,7.201855696619799
VA041,5.140089034997603
IA139,6.36076690330582
MO015,5.826220140734114
VA053,5.282330769749516
AR121,5.698020090289828
IA093,6.3774511285129885
IL189,6.328035827874432
KS119,7.277616938437963
ND023,7.1631899104173895
TX489,7.6208553443390326
VA125,5.137240319606637
GA099,5.3672277403509465
AZ011,7.465468935566314
TX161,6.186669479258479
OH055,5.687946409787091
TN025,5.2159085652331045
IL037,6.697996463328676
IA103,6.253565337504573
LA069,5.681654548224302
VA650,4.937845352230096
VA680,5.34975248593343
CO073,NA
KS189,7.169452654460473
CO063,7.291703251611963
NC091,4.765131642821207
VA710,4.937845352230096
IN095,6.513899439716039
ND037,6.927232861617388
WA067,5.618554322527884
WV011,5.283173607915324
TX111,7.753249047901854
CO019,5.906999005412664
MD035,5.732508128740066
IA085,6.937192562718146
IN149,6.170844386879311
OK017,6.593945247668145
CO057,5.998096029245669
MA027,4.917643655545932
TX225,5.638655798392021
VA091,4.926493309586475
KY029,6.146490421728574
TX449,5.797767419205174
MA007,4.956562068965517
AL073,5.288564803990336
VA109,5.31896061220317
VA191,5.400002382363364
GA197,5.196696712794207
ND047,7.146182653645605
KY634,5.122196736271175
NE041,6.807490792087319
AR099,5.290817022204087
TX297,7.663096581365254
ORPI,8.161339721728856
PA129,5.317814129266602
MO051,6.0834259086141484
KY215,6.146490421728574
MO061,6.5376393462735525
NC101,5.121894739963819
TX495,7.541530562750905
MO105,5.680449465173368
OR011,4.898814651893859
WV105,5.106476105521257
MN125,7.217092366009745
GA305,4.904202035802889
CA071,NA
CA045,5.872625776583201
MN113,7.110784482618553
VT027,4.972682007082706
KY143,5.737385849136929
FL067,5.010492071250136
VA161,5.257261796115728
IA011,6.329696059454784
CA093,NA
AR003,5.502044858734156
UT027,NA
GA223,5.484766969438191
MO143,6.2541886443721255
AK282,4.643706506849315
MEVE,7.390514118963836
KS067,7.250998594332771
NC119,5.6631196564042865
SD095,7.362169378742605
TX209,7.72441780003112
TN155,4.7959144860425775
MO063,6.393164984098809
MO223,5.455316555783733
COLO,4.93371335285178
KS013,6.22915844796618
WI019,5.407141501839552
FL089,5.207299378106075
LA101,6.23741200358778
MN157,6.454003750740277
IN079,5.9919600364482974
OK145,6.026707299378339
CO119,6.533738295519756
TX503,7.018132031972846
NH015,5.45132381037341
KY051,5.124857601519095
OH129,6.440873647551715
MH040,7.729647509578545
GA143,5.109298937264312
IA169,6.795296011751123
WI111,6.208905987865134
TX101,7.527868705925642
MO073,5.756941589442868
GA239,5.318677290417587
KY011,6.46247004431181
KY627,5.273715600807016
MI155,6.722482691358674
TX367,7.185959105901386
MS069,5.161389558612001
SD079,6.820191069978892
KY001,5.599851163973228
MS057,5.009248436981977
KY643,6.541593211154362
MT664,5.504049988285771
TN093,5.613282209126942
KY606,6.410926867100495
SC007,5.636994032604098
IA153,6.656364792009923
OH139,5.9912506220875
NH005,4.5469479466771565
ID015,5.4940921909279945
TNS,5.278872964715042
MT007,7.040888472392122
MT047,6.4015758748982945
MS149,5.828863305266242
MT011,7.39027961193815
MT035,6.557701607246691
VA021,5.17150861660079
KY103,6.431976656071987
CT005,5.509580260050099
AL027,5.310626116541752
UT053,NA
MI095,4.633906698077643
OH095,6.457049519029694
IN139,6.355480768861862
LA025,5.574669458311737
NC049,4.952436065092135
AL099,4.921082712807139
TX245,5.5171787498073455
MN619,5.548099883211924
NC605,4.870061507776071
MI149,6.14824407664957
TX049,7.6512977420129715
OR069,5.780355270321282
FL049,5.320297121650469
MS109,4.986452835620382
GA165,5.212118362625471
MO163,6.220259412626567
NJ021,5.161349313598555
OH081,5.598729366438918
IA123,6.295950376000543
KY229,6.468926014838782
AR141,5.280582746642489
MS077,5.041833602878378
TN121,5.625480873229443
VA107,5.383884358807189
CO055,7.296574824426943
MN135,6.979381296449144
SC087,5.705798086575547
TX227,7.800977675288968
NM021,7.699825276820127
AL053,5.09027879348152
SC077,5.475627664054175
CA111,NA
NC125,5.057906243324376
MD510,5.018522319804604
SD103,6.806495119677594
IL009,6.309626309732385
WA057,5.708997811551004
WY025,7.6671541947221655
OH119,5.737784736543054
DC,5.239171598937495
SD005,6.880160678218392
VA177,5.136259300198447
VA800,4.986035538732487
IA137,6.1861829753884985
KS075,7.295436338119445
KY173,5.982903184183361
TX053,7.648912089390629
TX347,5.678754265790214
WA005,7.4490731703597515
OK009,7.314466141504013
WA073,5.697209966048341
MO195,6.606102625160316
UT047,8.138262758220248
TX441,7.77157354829407
IL183,6.703541583461375
NC141,4.919236553520099
IL175,6.349488631930041
IA003,6.283256277850168
KY165,5.349668173454736
ND105,7.1899110145462934
AR035,6.217835121874426
NJ001,5.063969853578983
TN049,5.0131968241321605
KY197,5.122196736271175
AR043,5.356873284191048
KY622,6.431976656071987
CA033,6.294224488442319
CA051,6.960434065524221
CA601,5.826271942710353
AR123,5.756628492323181
SD081,6.1607156026268
UT043,7.132909781640741
KY709,5.377484759901607
TX471,5.800597439403849
MO183,6.65809527347978
OH057,6.332551305704015
WA015,5.745750381250278
CA081,6.251439596417082
FL021,6.0136905268478085
MN095,5.845279223517953
KS007,7.023794987492235
OK061,5.516473791719631
OR023,5.724608802462749
NE075,6.6358151407891866
CAGR,8.138894419583169
TN013,5.024939512833088
FL119,5.446840637706548
OK025,7.538763347582576
NC007,5.32883056712043
NC019,4.9341322623366155
TX163,7.014618553549461
MS043,5.038637692345904
GA105,5.597506534658994
GA261,5.324140668222163
UT003,8.17936248776585
NJ011,5.17568901300396
AL033,5.136514227047615
IL197,6.818159231198781
AK122,4.8486477494853
MD001,5.111064880289201
TX483,6.843407862561859
SD107,6.803158643784659
ID027,7.59387076313055
SD041,7.214853042538955
WA069,4.9652008895567326
LA085,5.176360332994826
MO031,5.954320366237169
NM005,7.901322811050804
KS191,6.4118200084291415
TN023,5.164569527430744
IN171,6.50547165158097
MI005,6.026980734931668
SC023,5.690032433788481
WA041,5.616248757270372
OH141,6.020092331604089
CO069,6.2789203973399514
NE083,6.739263112217946
AR101,5.208426928298728
MA021,5.23075604508219
TX359,7.859248250562272
MT603-SRNM,5.168851779312983
NY091,5.287964163847274
AR117,5.544683731550027
MN053,6.58717784874842
TX083,7.814402364194525
KS201,6.265040551686122
MN007,6.3422408561136265
IN103,6.546867661641443
ND083,7.195850495108182
MI063,7.001655127149926
TX135,7.689937069298887
CO079,6.020134530172409
WI025,6.537451924504422
OH109,6.452118932151476
ID085,5.412167697647903
TX219,7.627835072147156
GA055,5.14783149133012
PA113,5.3661979422695
NH011,4.687749419943836
MI161,6.439954427622779
IL013,6.226814279692671
AR073,5.9007333505677035
AK130,3.951583974961285
WA031,5.027059594246072
NC035,5.516955818930427
NE163,6.829749146251134
MS121,5.112271310255922
NY057,6.329199914386381
TN005,5.412281465353707
VA117,5.394084414217553
WA025,7.365693527509045
OK055,7.379971589400174
WV037,6.2328159369372775
MS113,4.921747539216738
NV005,6.665498147837498
NV019,7.998864333891083
WA033,5.323719360974814
NE067,6.073616474325428
TN173,5.146407233524604
OH079,5.275963654895526
PAAL,8.089047328550546
IN155,6.233746573665305
KS035,6.578922037531073
CO121,7.199767374226175
WI131,6.836441063451328
CO045,6.640420496519828
NC133,5.007020902428081
LA123,5.293918331657412
TX233,7.777537576654136
TX265,7.470817756139053
NC159,5.699552078720178
MI057,6.697658347514082
MN161,6.802307911698574
TX129,7.614176441971465
IN083,6.180254412942594
KY033,5.73977132030194
TX061,8.089047328550546
VA515,5.775494477266889
IN115,6.215717651201905
OR059,6.151884620989785
AR049,5.786328961173903
MO059,5.8625198647067975
UT031,7.552430862267403
TX277,6.7462271890685015
AL001,5.084250134027653
KY139,5.817862422441265
PA105,4.939311162806888
MT033,7.58847682939451
TX033,7.769839810732785
TX473,6.321524919582473
SC011,5.249767677901571
OR015,5.181071868639586
LA111,5.250799614798456
MD011,5.658842138447778
MN171,6.646579563768831
WI003,5.402414174312083
AL121,5.200555508989565
NM013,7.847690477734151
PA101,5.423817953463776
OH027,6.295897260186812
IL073,6.4340041204214105
WV077,5.002770089285714
TX203,5.312322516183948
COSW,5.372493452624726
VT005,4.7980990721902375
PA085,5.72552208797771
AR023,5.3383468457838905
IL101,6.33582554715502
CA077,6.818647557334605
AZ021,NA
TX139,7.871512592822868
MO139,6.465614565556674
MO157,5.914133513264114
TX185,6.2058009699129055
NY111,5.234360623241203
SD065,6.858058577304552
KS087,6.312808756384006
MS103,5.723139124413511
IL139,6.417486636093909
CA067,6.307651763311959
MI083,4.911173645296587
IL149,6.38184019258586
ND073,7.22782957054251
SC001,5.664224250083634
WV051,6.1061264721344575
MI053,4.70900757920756
TX141,7.936798266952534
OH069,6.3530960428637595
TN029,4.781202844064158
NC181,5.681252767954871
AL065,5.381329900626147
UT015,7.988378044500226
WA043,7.336562609483595
AR015,5.609465659897009
NY015,5.744822106707654
GA023,5.338078164503338
OK085,6.542145868221097
OR047,5.38200944891219
WI113,5.565665011337932
WA003,6.627997385672363
IN017,6.460470623558404
OR039,4.938673505998238
NC099,5.144967355030107
WV093,4.865555274828431
TX291,5.114809279369888
MO019,6.344952768060999
KY630,5.096356614296716
CA053,6.806806785550281
MO123,5.447817257627989
MS133,5.719079819884403
WI041,5.595126148711874
TX469,6.456623589017156
MO099,5.949379224543717
WY037,NA
VA085,5.117205563166292
MI067,6.432636778405
MO113,6.283487596162085
SD017,6.937848582302975
VA095,5.014698984802067
IL079,6.227371556130811
KS057,7.040851012673761
SC061,5.167796638410829
ID003,6.508059991894854
IN137,5.957588580217584
WY007,NA
MD047,5.747435128829233
MO177,6.5347459695660834
MS071,5.293912827808016
GA213,5.282073964159342
KS103,6.3246501504904895
MN079,6.617710544815876
TX375,7.832141264342118
WV081,5.214724304069636
TX461,8.17984590232927
AL103,5.584774131132483
CA035,6.704086727973819
KS095,6.487219189440838
TN139,4.974884028201453
CA007,6.413681144683807
LAKE,7.922003726810401
OK041,5.492523666487517
AR057,5.579430959213469
IL111,6.672254296620274
KY603,6.2359355797894995
NE029,7.007121081432178
NE089,6.567911176997979
AR069,5.660650424493186
WA039,6.1735037190261295
ID021,5.886744293052872
KS009,6.924658099845453
KY648,5.45808444504508
NE059,6.003005590059298
NH001,4.652781887957356
GA177,5.330365040576824
TX169,7.65710127937609
IL121,6.297205686110214
GA189,5.274245219645577
MA602,5.222342680589777
MI075,6.331176685048131
IL125,6.382661552134835
GA267,5.243806338423777
KS021,6.070876647767152
WI013,5.529368940649256
CA065,NA
TX115,7.641705492265183
NV764,6.8203843367502985
KY616,5.4367483723411665
NE019,6.732916929317739
IL115,6.474807158440117
ND099,7.328098772723214
WV033,5.478106122037595
MA017,5.214534349396292
VA195,5.575516293669543
IL163,6.387350806795868
KS193,6.9438645232182665
VA073,5.173564130639458
IL159,6.1745731456757
IA081,6.844462935086338
LA065,6.345237958450885
NE045,7.371117906478214
AR103,5.2327541383644
MN101,7.042539308071366
TX259,7.797155602365255
OH007,5.419166594701222
GA027,5.337158521635161
WI031,5.406091491498091
CA013,6.620870386657546
FL113,5.161059875039821
OK075,7.33031932071487
VA049,5.5524960151842455
IN163,6.158146086576898
PA039,5.400425657853209
FL087,7.900091116173121
FL107,5.105279050568771
AL019,5.08499922236204
WA063,5.953129622755552
WI093,6.274997611010927
TX229,7.991040670986056
SD033,6.806495119677594
CA674,NA
GA033,5.409221834198521
IA047,6.323360484112446
MN615,5.541175176856355
AZ027,8.175315023484576
OH017,6.524771898489246
UT025,NA
NC057,5.479970246589417
NE718_75S,6.642111167127602
FL129,4.962078515351425
KY057,5.9092908312887324
KY153,5.084030887115468
MS053,5.166365398741415
VA780,5.692304160743785
CO005,7.219796029936153
TX077,6.7453273484193215
TX235,8.09407204932036
TX217,7.631309772398489
PA119,5.20095525032279
NE021,7.058443500656564
GA171,5.441246142478376
OR065,6.496770558893965
GA183,5.088762124389497
KY133,5.359331969432732
OH125,6.307540693251789
GA251,5.082043540345612
KS207,6.176926585573221
MN001,5.932845145624371
TN181,4.960519160035631
ND011,6.992810869755584
ME007,4.446328617628916
OH021,6.438401615544968
FL131,5.023653822915231
GA229,4.950769741815766
OR053,5.404857794465186
WV620,4.757885741248317
WI045,6.4868653626531625
WV109,4.461062554232074
TX435,7.763465125574578
CO039,7.105606449779116
MN117,7.0134838114393405
MN167,7.390572893878645
TX127,7.463291505919394
GA235,5.326740626117919
KY031,5.377484759901607
KY201,6.438623193294756
WI137,6.107389131456146
GA133,5.294758753144882
WY027,7.419588896990327
TX177,6.704618622589532
CA777privateupdate,6.711058948793284
AL083,5.253929045858576
SD027,7.116340234196634
GA207,5.5013874260714575
KY091,5.866913805344784
AR087,5.001939207298759
AR145,5.3949560185995
GA211,5.487177074933548
GA217,5.419632459259838
MO083,6.035388278182628
KY065,5.4367483723411665
VT007,5.08544444104166
FL608,5.272172907136204
NC183,5.594720024746519
TX095,8.110612316865963
AR135,5.676431884095555
MD027,5.634993952302908
TN135,5.011903500439621
VA690,4.977465117506404
OK093,7.037424453026993
LAR,NA
WV083,4.92257386154079
MD017,4.443593908224694
MO227,6.301556687883046
KY119,5.359331969432732
MI019,5.16269102413456
IL059,6.308827503377871
KY639,5.198103118673073
WV001,5.178411031834247
OH063,6.4486000779509585
GA279,5.3382567383633734
NY689,6.472982493293802
TX041,6.277929750226025
TX409,7.486388063517453
MS095,5.355121831964353
IA075,6.378121791307136
CO029,7.050546805895041
ND025,7.053659758527509
ND079,7.1587432181954815
SC003,5.2158999263462995
GA039,5.425815877018202
OH135,6.446344004843526
NC640,4.450680137999014
ND089,7.023657000247415
TX039,6.943817865762839
TX109,7.877831044619631
TX479,7.642714349716622
NY117,6.249904433664754
SC013,5.881639647699333
LA117,5.0861774834862805
MI107,6.089579324828774
CATO,5.75052977077118
GA648,5.282073964159342
WY001,7.539403896874351
SC067,5.077625223114681
IA031,6.279337688538938
CO085,7.122502598464985
MO171,6.489441833072364
SD089,7.15281659463515
VA137,5.333754867395126
GA047,5.312665498442367
KS109,7.255021980402743
KY237,5.122196736271175
LA053,5.383107912628381
NC021,5.218892111275647
MI159,6.173133961006296
TX399,7.951757366402882
CA001,NA
MN143,6.90906516407801
MS037,5.106209074337625
AR031,5.717384822048034
AZ001,7.753129667286024
WV013,4.515469032220474
FL011,6.728406730114037
UT007,7.986136888563534
ARPO,5.615516750150812
IL019,6.792042824755354
IN005,6.243623944603444
PA025,4.849744041401252
AR055,5.74790915148945
LA049,5.226384848451582
NE101,6.952960646425064
VA061,5.266186837380043
KS175,7.278766274542468
FL618,6.430070258010607
WABA,7.283630129087807
VA047,5.03575371918835
AR009,5.509814361677626
MO005,6.634355664020905
TX027,7.87406583954815
SD019,7.278235018880258
UT017,7.840290162048676
UT033,7.825760561214587
NC029,4.5150276339314255
AL109,5.045567408998242
AL047,5.398112346594584
TN075,5.507064160536057
OH115,5.534080592991577
SD009,7.012095915037199
TN087,5.413658492516788
TN604,5.1657961324955775
NE013,7.186967989905499
TX287,6.268568349187249
MO021,6.557396606849186
OH073,5.171291623631673
KS131,6.250695768920718
MO017,5.465548838639429
AR113,5.482629078011597
SD111,6.948375484149274
VA193,4.915187481629739
AZ013,7.970436215433313
MS073,5.087340450892795
VA033,5.200588536275351
IA191,6.448407670598868
CA109,5.921441869611227
MT069,7.418356765874113
ID059,NA
IL035,6.405462168919185
IN125,5.922371706731149
CO075,7.19276774264042
MT059,NA
AL057,4.9219395862507325
AL075,4.962081877464401
SD039,7.169352623855729
LA127,5.143281247428618
OH041,6.385728453318099
IA101,6.20927785474519
IN175,5.786956548196786
ND021,7.179587097782903
TX389,8.058356846024445
AK261,6.2999565047247605
IA195,6.6306208884501485
IN097,6.530590265787294
NC171,5.519982494576541
SC039,5.610057129029941
VA141,5.290344979246566
IA041,6.734410932626756
OH149,6.416174436822739
FL105,5.386826190631428
CA009,5.983396049685516
IA141,6.451870618498417
MD037,5.085262266725137
NJ019,5.193738096542321
GA195,5.597506534658994
VA093,5.0177868914711015
IN033,6.443134014423077
MS047,4.957573011901592
MS131,4.891492783918749
NY109,5.970839805891272
GA109,5.243806338423777
OK019,6.635729457513562
AR017,6.049000333231002
TX113,7.77255332650895
ID055,5.584807860759199
CO017,7.4010963205957765
MH320,7.729647509578545
MN103,6.904862242965321
MO039,5.879793862039231
VA909,5.104318445060451
OK057,7.435581111268099
MA608,4.613240795658191
GA221,5.473963287819875
KS071,7.3715277735952585
OH157,5.555626451579978
FL621,6.0136905268478085
MN065,5.805880942811049
KY633,5.181051479945682
NE023,6.434620654976862
IN073,6.504334511537125
AR109,5.306058291553513
MN077,6.498225593137711
TN007,4.775444142694164
VA790,5.1795972495088405
OK029,5.796200095214564
WV075,4.479574954897626
TX075,7.545799118612537
FL111,5.683987376329797
MN111,6.7462898306727626
LARO,6.955374933243887
IL181,6.020742261592733
GA233,5.14783149133012
MT113,5.504049988285771
NC055,4.285683074280424
MI079,5.30585995596611
SD077,6.967495443350934
IL065,6.090217542533988
FL069,5.3036484123037635
NC107,4.903802511796543
CO123,7.384744837994472
MS155,5.049322241503762
GA145,5.480164915307547
WV025,4.743794683646966
AR079,5.660650424493186
LA107,6.109345599322056
ND015,7.1171617724382195
ME031,4.5219600750338245
GA135,5.492747437160264
IA017,6.484960846389534
OK131,6.052338768158874
NE131,6.222031642598662
TX437,7.546725696357993
MO069,5.99427061826276
RI009,5.269974149196068
WV047,5.397852937532655
TX009,7.228891711685742
NC113,5.151767760588917
TN149,6.265533730408006
NY033,4.705540162188682
SD097,6.876088444782834
OK103,6.5985085823490275
NY067,6.3385807127338945
VT013,6.4114554762834874
PA073,5.72673361067383
ND001,6.898304883449657
MO229,5.407146687126743
MT025,7.4629660445169215
ID009,5.356238081296258
IA051,6.258981311611367
LA043,5.3374489311338325
LA077,6.8327643860491225
MN003,5.895364512392169
TX017,7.638461152905982
MT017,7.6252598165019485
IA025,6.800602591555482
NC083,5.202065207611274
OK095,7.147024630479157
OH105,5.009023773791135
ID017,5.861717989704906
IL083,6.4049322704548315
MS003,5.081177860642871
OH015,6.106529720623482
TN095,6.6374865006928845
IL057,6.453468906323661
IL087,5.553653890434035
LA019,5.2308291276042675
MI143,5.144528437056712
IL041,6.553923062470643
CA027,7.191581681462972
KY619,6.3681953911726294
TX305,7.661211546314423
MO169,5.517311537947366
IA163,6.327094116909924
ME027,4.429915370969425
MS117,5.109141459409789
NY121,5.879210737104441
GA155,5.2445483203748005
IN147,5.947890979322519
KS049,6.39442017046623
KY629,5.737385849136929
TX345,7.429252367408201
MO149,5.350471484146374
MS143,6.3861661677604
PA011,5.555663995079137
PA057,5.368544973070876
ND067,7.4131547483931906
WI035,5.718418445938872
MT085,7.371553533394773
KS127,6.550196869693913
NJ031,4.913151127284519
NC011,5.042801243156814
ID061,6.346609033488433
ND057,7.037322692459876
NE159,6.197158401402094
MS159,5.035506921236126
MT075,7.407561625337421
CATALINA,NA
VT001,5.433625200371839
TX193,7.890750074506989
NC147,4.801207704491748
ME021,4.521039131724071
NY049,4.957506265807307
IA005,6.458917555296415
NE011,6.757608080112073
GA013,5.517723895292357
TX403,5.532100118229377
NV017,7.903949607438524
VA153,5.105094100010503
IL151,5.491528025498395
KS077,6.640638546277594
FL013,4.989237372901613
NC089,5.259626140403837
ND003,7.246335273148349
TX159,5.797767419205174
SD047,7.1395843970938495
KY009,5.898383910065156
GA621,5.14783149133012
WA071,6.944080652305001
MO219,6.307791612823152
NY097,5.806353857133485
OH087,5.126949540836096
IA037,6.517238418128345
LA005,6.296704193896791
OH165,6.231637196342414
WY011,6.950894891762254
TN123,5.190426483562664
KS155,6.218362610786595
CA087,6.333443283758262
NC031,5.037827299734469
NC069,5.5199523736348635
TX055,7.092119690997587
VA001,5.342642036124794
GA655,5.480164915307547
VA015,5.068904698121042
HI005,5.765924734094472
NC023,5.3147815130139655
WI079,6.74552447691421
SD101,6.909197391265994
WV097,4.973276379630082
VA171,5.201095444249767
IN129,6.24245755689592
KY179,6.020157129557662
PA065,5.0433948326386195
AR077,5.929297976017612
SC089,4.943438450484098
IN063,6.520640428591605
KY199,5.313602412054272
CO091,6.6063370068921445
MO003,6.581667429478909
VA760,5.004449253588973
KY081,6.3681953911726294
MT057,NA
CAHA,4.301986246466026
SC045,5.430519757956341
SC057,5.091741142871212
VA067,5.170674621593777
KY211,6.228708027596513
NE003,6.581774604119748
VA167,5.441766147972072
VA550,4.982052545930521
IA197,6.831513726792678
GA205,5.3058719490626105
KY235,5.18699493361531
MI023,6.304979006309002
MN041,6.962918270526153
MT067,NA
NY093,5.807480670316908
VA540,5.263670960187354
MN031,5.183142884687362
TX429,7.268909545192459
VA105,5.671335367474544
GA081,5.458655953419058
KS147,7.173198482467987
MN109,6.542497495553905
NM041,7.5215451941465785
CO011,7.759895380034094
NC041,4.764709153278412
ME017,4.564516676185286
MN083,7.147655257625412
UT055,7.902778894346447
GA075,5.289454392601933
IA117,6.351565622918055
LA083,5.431079957294306
TX295,7.600337361970471
IA125,6.205581161684851
KY087,5.5507264371737195
OR071,5.336500755446415
MN093,6.945438293304595
TX315,5.393792900464422
GA017,5.2445483203748005
NE049,7.074305201947649
OH003,6.472684294745472
CARE,7.9498631801616995
KS115,6.560173491844744
CT015,5.509580260050099
NC013,4.780620935525374
TX415,7.6627333240721445
MS137,5.249385343067524
NY005,6.157028295271895
CT600,5.509580260050099
AL031,5.175683640875979
TN067,5.557794634883182
GA115,5.14783149133012
WY033,6.619851063159525
AK230,4.520416695998471
VA019,5.113082600420823
VA185,5.205813589562235
KY101,6.055386798176451
MI135,5.168168948554927
OK115,5.6918087652292995
ND045,7.105430743126222
WI123,6.32769194003496
MI061,4.6013542626549135
ID083,7.276048504384398
NE025,6.159204083184789
AR071,5.22201120472889
LA121,6.758181267467955
ID071,NA
IL015,6.358476657378996
OK073,6.763272690355212
PA095,5.575563286621863
NC157,5.611036445537588
NE079,6.642111167127602
AL133,5.136813809796802
TN185,5.2457277067734305
IL005,6.274220773378183
GA057,5.122954880074269
NE069,6.988552962840632
MN051,7.275771074822209
GA061,5.318677290417587
KY037,6.2359355797894995
PA047,5.003896446464148
SD071,7.29390352756628
GA009,5.408664864423348
KS121,6.278369335176167
NC053,4.798801614138906
MS061,5.1520119549374135
NH013,4.652781887957356
OH121,5.512170739712359
GA271,5.338078164503338
AK050,4.731263340557947
KY123,5.999782649030422
MO129,6.61206740064076
UT021,NA
TX625,7.799118106846708
TX067,5.393792900464422
TX071,5.877892544072797
TX231,6.925242069466798
IA181,6.3024735652714075
IN121,6.376818576728883
LA039,5.3140520903223365
MS111,4.974279440584139
WICA,6.26318843132432
SD023,6.8666500866908144
NM781,7.887119997225135
WI085,5.427874909499961
WV027,5.133598856851393
MN129,7.058086137874791
NY065,5.641947705476131
OH077,6.156810472375591
CO043,6.792463534955292
WI021,6.542626306985876
LA095,6.397646714569441
TX085,7.943092552536839
TN640,4.450680137999014
MN009,5.91196388909179
VA119,5.039726484322882
TX267,7.662320205136424
NY055,6.322842542482526
AK110,4.0168471021247765
TX201,6.07253092374744
NY605,5.475577096914385
MI103,4.932656572337967
KS043,6.529636296136619
OK089,5.602683914513859
OK097,5.7185961549790205
MT027,NA
WI009,6.794443196984131
TX035,7.845758309807995
TX099,7.932064840229944
MS099,4.933645718003867
NM011,7.930816655903418
KS089,7.280318290110503
NM059,7.57418462500962
IL029,6.709962315681802
WA775,5.288070053578029
AR149,5.473673466696519
MI145,7.028101305931781
MI051,6.140063073711568
IL133,6.375256831355418
MS145,5.106433186185733
NY113,5.027162360673913
AR025,5.306694816670475
AL023,4.900214029750999
TN701,4.995816114434242
NC085,5.070152832709662
MN069,7.299942966465068
MO159,6.232636530751082
OH067,5.671287708408005
IA185,6.417191544924119
GA295,5.280164232946482
KY635,5.978156362779986
ND085,6.943475476746828
IL103,6.575777452398924
GA285,5.436747495072273
PA103,4.83696802818927
CA079,6.948482240467406
ND075,7.097704358598464
NY123,5.9463374049341935
OR049,6.393030312891904
ND065,6.985539566450801
TX147,7.124103758778526
ID011,7.5672039209161746
OH131,5.319135793038926
MO025,6.254313307737801
WI115,6.074420767682156
WV095,5.248443163164471
ND029,7.054084392368872
NY043,5.061294359513497
IN165,6.515050804228887
MD015,5.442128822597843
MI015,6.20344930562229
MI041,5.705754017365937
MO093,5.426741143998354
VA670,4.994912816214655
GA005,5.104119119440345
GA293,5.441246142478376
WI077,6.3546295805759
SD049,7.100590341848906
VA083,5.692304160743785
OK083,6.5068666601775496
SD015,6.937848582302975
VA097,5.585862010243997
VA775,5.257261796115728
TX081,7.808493003754083
VA133,4.809671564277396
VA570,5.282330769749516
CA005,5.99343901365251
IN181,6.459455017533418
TX373,5.244070231136533
KS171,7.327413591459563
MD045,5.511200190806281
MO217,5.951789634656491
GA073,5.274245219645577
KS093,7.2527315017032405
NH003,4.6626316723105505
OH111,5.078086808831203
NC121,5.0821791619425545
NY029,5.936507948201503
MO001,6.373223725115799
AK068,4.758465154555663
LA045,6.355521353987463
NE099,6.469029209959622
MS085,5.073814509456343
IN117,5.866820065375122
VA169,5.492084262563795
VA183,4.7903879166759795
KY189,5.086442276619228
NC093,5.093237280372388
NE185,6.027155281725962
MT061,5.168851779312983
KS157,6.3146578220243486
AR059,5.367710317948087
TX443,8.105143377089817
IA119,6.711198915545716
AR063,5.455609409204714
SD119,6.6912308734019
IN179,6.586770102724571
MO209,5.864438142786046
GA281,5.401580192813322
KY027,5.59803917267128
MI029,6.160928104026063
NM029,7.839705080890081
IN093,5.837006961677779
IN135,6.513823123003426
KS187,7.298084685441612
CO065,6.878365731980045
NE087,7.211829254301681
OH045,6.103621983597421
NE039,6.943429064825869
NM043,7.167832348781575
VA113,5.2864225504238185
IL113,6.334253420632811
PA033,4.953104827388784
MD005,5.60821174036086
MI031,5.8946801156130375
SD035,6.917116789151828
ND035,7.396645365919157
VA069,5.239294053691869
ND097,7.339144207348398
KS195,7.212350529786195
FL085,5.65135486247723
WI095,5.691425010948329
CALO,5.037827299734469
IL157,6.370746700659464
IA149,6.554486107116462
TX195,7.742327319954032
IL169,6.367054692674507
AL071,5.70124629483867
VA197,5.44222462306732
CA011,6.80649278209855
ND053,7.11724665448997
WI141,5.2911860410264975
TX121,7.374069821220675
GA125,5.366710775150198
GA257,5.490154606586586
GA313,5.282073964159342
KY141,5.780593068063633
WY667,5.369373681990721
FL043,5.599635302613687
AL129,4.864542974612759
MA005,5.222156568077138
TX069,7.505097435683528
WV071,5.2420712311063005
MN085,6.9979754998309245
TX497,7.062794057716087
FL115,5.518418856912456
ND063,7.276484024484747
GA303,5.363313639193932
KY151,6.186010911486063
OR013,NA
PA123,4.921024856585144
WV031,5.240836915549564
TX453,7.853478387390696
WACA,7.228870047351167
IA177,6.119991001325833
ND041,6.908178535462921
TX079,7.602198662626727
WI129,5.521514775712455
SD093,7.147443832327558
NY103,NA
IN151,6.480915586030612
PA003,5.505186652429965
FL009,5.949358476381989
TN153,4.819905679108453
MO141,5.873773030751866
MT019,7.371553533394773
NE117,6.622407473731224
WI083,6.077205271695977
LA073,5.257991096931825
MS161,5.052425237930051
NE718_NWUp,6.642111167127602
IA097,6.459378572839039
CO033,6.905543024687603
NY037,6.510465662741646
OK143,6.196795490334972
ND019,7.247687957707424
NH017,5.122327607340478
NE151,6.159636168825966
MN155,7.3603198277554736
MS151,6.295650056141513
IN077,6.023529704098053
AR075,5.761210498125335
AR133,5.32885892413752
OH035,5.473410176441938
IL093,6.69833286141108
ALFL,7.832141264342118
MONO,5.650825957296419
KY615,5.866913805344784
WY029,NA
MN139,6.771545294805181
MN147,6.735690181816357
TX365,5.298604779453035
MO079,6.563614084047623
NE149,6.576466255244543
MO089,6.216713398520232
CO023,6.690095593156422
MN621,5.390613237346864
TX175,6.843991095345626
MO186,5.709006242713896
AK201,4.301316638046018
IA155,6.545751967209245
MT107,7.650341603237345
NC185,5.663499835309618
MT013,7.179561368875841
MT634-TBL,6.256335910985702
TN091,4.984972500709063
IL097,6.802041678915796
PA045,5.397384824427829
CA043,5.939745098328603
TX211,7.4532423673499295
FL047,5.045966251813392
AR027,5.298310832374202
AZ025,7.4181031321152355
IL027,6.3862740228057975
OK099,6.815113071597134
WA059,5.845874854116168
TX181,7.2514675406206335
KY109,5.086442276619228
LA023,6.077956400624092
NC043,5.0175114361469655
KY117,6.2359355797894995
NC161,5.619029570235081
AZRU,8.129976950226665
GA163,5.366710775150198
IN143,5.867384621147795
CT007,5.509580260050099
ND031,7.236076352607102
OH101,6.4834487473420985
IL109,6.210399902103449
KS163,7.280471950200049
OR067,5.469078780467179
KY049,6.3442499650991495
MI017,7.050572100386951
PA089,5.0531178340419975
TX221,7.429422768675432
SD059,6.792934364154449
SC079,5.372493452624726
KY015,6.2359355797894995
OH083,5.89778978099583
GA247,5.419632459259838
KY005,6.481568492370758
TN629,4.9822169617623615
NV009,8.270942018256537
VA175,5.062734437234627
GA059,5.462130917911531
PA023,5.003896446464148
TN107,5.527432339842411
VA005,4.9244376242110075
IL069,5.6541740416934845
IA077,6.345547507027115
TX197,7.441184614664294
PA061,5.156619215737761
IN003,6.49317608064224
ME025,4.502405022408508
TX051,6.505931622441672
TX349,7.056431822403864
NJ023,5.050958434159341
CA099,6.956978818639954
NH007,4.754178124914834
WI109,6.081391266072727
AR125,5.0766391728325635
VA045,5.0581168613768925
IL195,6.574795464669739
IA061,6.441166154448451
KY175,5.084030887115468
OK049,6.590304372813544
AR007,5.434039312606939
AZ015,7.843047911236617
MO011,5.924200949919367
MNRR,6.887825968173176
SD105,7.086595267343341
VA510,4.78862540192926
IA135,6.2453214762707665
TN131,5.568954628139955
VA057,5.014172723514149
VA063,5.525388943241828
OK039,7.388372523437892
OR017,6.431666831511251
CANA,5.667058917395187
IL177,6.433980617272603
IA107,6.292345785728264
IL185,6.326800698890687
IN067,6.441946069085278
KY227,5.787217487575797
OH051,6.464760258201287
SC069,5.001995146509367
KY167,6.410926867100495
OH169,6.019105959285405
NC027,5.2097627815882035
NC065,4.877000805127853
NE015,7.061219971052183
TX285,6.715216743715712
MANZ,7.591123874736641
NC017,4.838076558123436
MS027,6.131911293617475
AK220,4.0168471021247765
KY021,6.410926867100495
AL035,5.0291859794607054
AL077,5.055208269329842
SD117,7.35518276520547
OR029,5.715555913706114
KY628,5.249904326910084
AR019,5.437066155355973
LA109,6.136934848548926
CO087,NA
FL609,5.080496606446237
NE107,6.91050326580551
MIMA,5.214534349396292
GA095,5.2598809267627855
OK063,5.890141130440858
CA059,NA
SC049,4.964682748636393
IL033,6.353687776586193
UT005,7.744129603886763
TX281,7.78036658921515
MABI,4.972682007082706
GA319,5.363313639193932
TX091,7.72441780003112
TX165,7.292573829153246
TX353,7.923476913822655
MO071,5.988762852757438
VA009,5.235066287095119
KS151,6.211700533825799
LA087,6.538682100791429
TX485,7.289127970074223
VA147,5.455546088163957
FL103,5.717913487013802
MI007,6.0714833864580315
NY001,5.791195872174674
PA009,5.411383623953633
IA089,6.4906140846474685
CA107,6.857282780749153
CO053,6.054367109035892
MA023,5.1907786800314994
OK123,6.266478701011818
ME612,5.227861775359072
NE127,6.38765599242933
MO081,6.423536950224658
ID029,NA
GA193,5.303457842925353
SD109,7.191303130957603
KS029,6.41757386875428
NC037,5.183733849832176
WA027,4.9341159174413765
NM051,7.76691599411072
IL063,6.89932960994966
MN063,6.88128781112302
MO053,6.213766412416778
TN009,4.764333655673226
VA111,5.405817443708096
GA029,5.395444651890149
KS037,6.155148205824944
MT111,7.532646715269546
MS163,5.79017198301133
MT039,5.72716345532521
NV007,7.797346614640568
NY087,5.3260020192164355
GA019,5.0790660729241734
NE718floodplain,6.642111167127602
WV073,5.248443163164471
TX133,6.803306335255975
TX491,7.673042506685042
CORO,7.098742903606369
VT023,4.670734779168317
KY205,5.349668173454736
OH155,5.793818786627514
IL071,6.3098251466424164
CO031,7.075613340002094
IL043,6.756209628912062
TX427,7.84867255224075
WI027,6.796744555296704
NV764-S,6.8203843367502985
FL059,5.210425473377569
MS153,5.0689173597521195
NY073,6.3631326009523095
ID067,7.0734864884039625
MO133,6.150246574172229
NY035,5.1440170589206495
IN089,6.528400324982295
GA147,5.486076877241503
MT097,NA
TN175,5.1657961324955775
IN157,6.523575496519526
KY043,5.254170071534036
KY127,5.287010326060174
WV045,4.757885741248317
TN169,6.001403626501139
MO203,5.286791902143416
AK290,5.33524836450613
MI089,6.254743764673476
VT015,4.635962630128248
RI003,5.269974149196068
PA099,5.238316739499331
NE065,6.877098401273405
MI011,6.359373226005461
FL125,4.886321417758747
NC051,5.009393581708927
TX015,6.321524919582473
OH103,5.886449514507545
ID007,NA
TX307,7.742869871043377
CA021,6.376588228836293
LA113,6.111547180521388
MS001,5.584743261944985
ND055,7.152555848073329
MT073,7.314760733545159
SC017,5.148298038828751
TN079,5.52178745603488
VA036,4.782884322546653
ID063,7.0734864884039625
IN109,6.216655094629923
OR035,6.559507176638102
OR043,5.301835612641539
FL611,5.923389898607915
FLFO,6.704504488179972
WA049,4.9652008895567326
IL143,6.397702995894556
NY077,5.631248959626425
GA045,5.109298937264312
GA169,5.408664864423348
IN145,6.4260279097000845
CT009,5.509580260050099
TX323,7.991716402551965
PA055,5.665161186436091
TX411,7.207109134167787
MS157,5.5876289403448025
MT083,7.48478929513146
NJ033,5.129127158616143
VA840,5.66559800907627
IA165,6.204851376072162
WY045,7.468258513399618
TX467,5.911222491684762
CA029,NA
DETO,6.950894891762254
GA015,5.405028089588575
LA063,5.478178068660944
OR037,7.336639469122321
VA155,5.207266304697333
IN055,5.884488961474864
GA113,5.529302850892836
TX333,7.6512977420129715
DE005,5.73829197216782
AL043,5.229670979950574
VA560,4.9244376242110075
ND005,7.246429777640341
MN131,6.581658551658172
MO125,5.733292437295211
IA127,6.423126700477572
NC149,5.46307526846409
VA079,5.258073300634911
IN011,6.436881145656315
IA133,7.078821727413158
KS055,7.25899405497675
KY007,5.98847718771096
AL101,5.604846759922223
MN089,7.2747976694612015
NY013,5.669319556251735
NV764-N,6.8203843367502985
SD053,7.046320524550167
MN033,6.892961745506647
NY021,5.442399058261753
IA111,6.159412036089325
KS145,6.869808526540055
KY017,6.496622841673035
TX153,7.524778343664172
OH167,5.346374945335049
NC075,4.7775397016877905
NM061,7.642823621360398
TN031,5.398587786259542
KY181,6.496622841673035
LA075,6.490371203198567
TN041,5.38101180047408
HI007,5.299003681469935
KS101,7.2446555000540975
LA031,5.282543630787216
WI121,6.179378577359259
SD129,6.866730713373905
IN065,6.372609672934455
NC199,5.092240329201599
NY105,5.012365960086014
OH089,6.071974304975335
GA025,4.640876909461696
WV099,5.220638661791705
OK101,5.882873266138382
ME011,4.784594064067988
TX385,7.6248330549299554
ID035,5.570886244585049
KY225,5.978156362779986
AL117,5.132119955288857
AR001,5.615516750150812
MA001,5.01290209085066
MS139,5.001901947582783
NM035,7.852603417422545
GA087,5.296290081782029
KY233,5.978156362779986
WI015,6.772009294576702
MN037,6.42966142537425
MO175,6.068274346932403
SC043,5.297772299916195
OH171,6.407760944401144
PA063,5.198732235392634
FL607,5.518585663692795
MS033,5.529851843334077
SC055,5.371362751363643
ID045,6.9327467760046275
GA179,5.088762124389497
GA227,5.122954880074269
KS027,6.289206509517709
NE109,6.163907253752741
UT057,7.550331964156887
OK015,6.640912907264319
ID039,7.209552450290872
WV055,5.037972305135522
TX253,7.374648024661176
MO103,6.552803272906167
MT051,7.410962160341913
AK090,5.242996076037489
VA103,4.809671564277396
ID049,5.868004435520641
FL027,5.243030616425528
IL123,6.506456341812487
GA101,4.625144728104958
GA265,5.263283288797212
WY035,NA
OH005,5.825841432919796
TN065,5.132838097053602
IN061,5.998703546103916
KY605,5.162202379109733
NE047,6.877993756638429
TN057,5.246492252438843
KS117,6.273280995592759
NE031,6.649012836679117
TX317,7.691248101650443
NE001,6.198693317663364
KY085,5.501926943225258
VA127,4.978089753802402
CA101,NA
SC031,4.969346688073103
UT039,8.007640805977156
VA610,6.311480362537764
OK121,5.637031708636797
VA149,4.994912816214655
WI600,6.772009294576702
FL035,5.531853100686374
FL075,5.617663054486998
MA015,4.914872538648216
NY007,5.790835772946431
IN045,6.500979316847281
IN051,6.226045463561193
WI135,6.102330875594453
VA630,4.853372681281618
KY135,5.447424004006208
PA117,5.413942917552452
TN141,5.3727861644002095
VA606,4.996593129229426
TX431,8.092533990281234
KY121,5.273715600807016
TX011,7.74678060930262
UT023,8.346099859218869
OH061,6.203680336771716
VAMA,5.569233411009354
LA093,6.546685825691061
KS051,7.428575671296862
OR063,5.930797364501778
NC151,5.298079351204351
MI129,5.730653797070629
MN057,6.143787633690548
PA077,5.615004874076179
MN613,5.366217343136002
ME001,4.784502645525424
MN165,6.873908147098016
TX395,6.381025892413753
OH059,5.614251119949844
ID077,NA
KS011,6.31814072960518
OR055,6.923993943877639
TN607,5.031950173994991
LA103,5.239774264558988
MN015,6.900782018810325
KS065,7.09726757667404
NE141,7.0089875486537085
TN163,5.180157667361459
RI600,5.269974149196068
PARA,7.846469389177323
FL061,5.60202774260369
VA027,5.080962197516425
KS205,6.229714607204117
NV029,8.348391878117356
NC175,5.082612979289839
OH019,5.581834793287919
PA041,5.557104547879732
VA023,5.046085979302797
GA129,5.3997464932186
NC169,5.542836746887506
AR081,5.9007333505677035
KY067,6.541593211154362
VT009,4.599124161023909
MA605,5.272801316974969
NC067,5.411280373316723
AR085,5.544683731550027
AR143,5.224947815881576
NM028,6.74989930997686
TX025,7.182703779459436
IA071,6.605921444169128
OK139,7.550269601201903
AR127,5.466848924103545
OK147,6.162960337048222
PA109,5.234309599188859
MO161,5.369989895325338
SD025,7.123554766774196
GA601,4.915424642363746
TX093,7.286633564520308
MS129,4.9808817403598376
OR019,5.0435517868484965
WV007,5.25221682172699
WI055,6.770436507336753
WV089,5.018586895641604
MI109,6.376187818739112
MI119,5.414909699335621
TX107,7.700532230585541
MO213,6.20799256102965
NV011,7.7830167212829355
WV043,5.268134358095281
TX043,7.920374174471355
MO115,6.538657973620346
VT025,4.716832009128223
LA027,5.371151274382342
AL097,4.95944409373103
MN145,6.693003349338357
TX243,7.367047475325666
MS055,6.727423907987986
LA015,5.66124733602859
KY608,6.146490421728574
AR131,5.437318501136353
AL081,5.5672317030826015
ALPO,5.105687547690443
LA119,5.299921141529641
MI093,6.580686304903627
AL021,5.016236713514554
NE167,6.988718083239496
MN019,6.6540306985738455
TX477,7.108390146303578
MS097,5.103669357169001
KS061,6.662509128680018
OR005,5.318222112449962
WI061,6.762002365727403
WY015,7.543328273170867
FL099,6.2189291237782465
AZ003,7.379431730219235
NY083,5.463582685807103
CO021,6.335916095721971
NC193,5.392933291626358
AL039,5.384212545260209
OK007,7.625248711904488
WV015,5.276019496165819
VA135,5.368659724639655
IN025,5.619729727285543
CO083,6.814497707199266
NC071,5.744833936451567
MI157,6.820110266996645
KY075,6.5297715635574285
FL687,7.900091116173121
NE051,7.016995247193092
WI101,6.578944425564694
UT009,8.145277538216883
UT019,8.1132674877851
OK127,5.55984062430443
FL031,4.9818242237270915
SD135,7.052578251423096
TN039,5.15771974659179
TN089,5.581848300902025
MO023,5.742628786946795
TN081,5.036886993603412
MT089,5.7593075101554065
TN077,5.049301330812786
TN115,5.066724676635711
TN127,5.388824868057909
KS137,6.935454655676563
NE097,6.190096935636964
TX341,7.587130798394678
TX371,8.087162674469692
MO197,6.352632167219179
OH043,6.24057494530916
UT049,7.607244990899269
FL091,5.094084202264828
NE139,6.646641161596157
CO099,7.6887079318564195
MN173,7.087244637848654
OH071,6.159049171443813
KS107,6.273655583150102
KY061,5.386319202559664
OK031,6.98518267960341
TX021,6.435388793415499
IN057,6.468986201090883
OH113,6.378485225095201
KY071,5.198103118673073
TN602,5.557794634883182
KY620,5.5507264371737195
MO037,6.227001000385745
IL119,6.374888760213034
MO045,6.236432497505105
TN051,5.356198887986291
IN127,6.354813214074468
AR115,5.222229366988729
NERI,4.880862086543643
KS001,6.236260806571726
FL029,5.520182738758234
WI065,6.4644448813493165
AK240,5.54034805256161
WV061,5.361125100645083
SC025,5.204394007068335
TN021,5.53028686281938
VA121,5.306327698476259
OK079,5.574820805741308
NJ017,5.969325994172198
IN099,6.3797841177561265
GA119,5.597506534658994
TN183,5.315216066271882
NJ007,4.866786397821607
MORR,5.22000419409829
SC071,5.4541658559381085
IL201,6.562540406669603
GA185,5.1975939845674635
KS173,6.4211243732295475
TN011,5.317591474796251
GA309,5.3382567383633734
IN173,6.154690017353562
ND095,7.27150446863577
WI051,5.037880563324625
WA017,6.890047751584279
OK059,7.495004241910333
KY638,5.098877245962407
MN123,6.148225166174298
MT005,7.302839085942668
GA089,5.478576187140287
NE081,6.085187997420453
SD127,7.137172078953048
IN031,6.1610205857830005
NM049,6.475876114411328
IN043,5.904580778082741
NC001,5.497625280525103
IL155,6.5027294759911545
IA147,6.826276585953581
LA055,5.646904837589329
AR107,6.124262212944908
MN105,6.757337818569661
NM669,7.521543978333669
OH147,6.396166669512653
AL003,4.869425799843542
LAVO,5.282473225157874
VA031,5.34975248593343
FL005,5.0358967211904755
KS165,7.323626647941909
MN121,7.029708749323754
IA175,6.292871024811863
GA161,4.915424642363746
GA301,5.274245219645577
TX123,7.092070825633085
GA123,5.122954880074269
AZ023,7.098742903606369
IA015,6.846625128231926
GA037,5.3672277403509465
OH159,6.431208061318854
FL007,5.054069272132726
TX073,5.588188005875741
TX239,6.281400072104449
VA115,4.824172176911004
CO009,7.620790690345204
NC131,4.941574710022251
IA157,6.326047083867525
NE061,6.7180798364795
WV049,5.361125100645083
NY039,5.155326043941548
IL051,6.270592660270385
TX173,8.06920595469682
GA137,5.448118196102784
KY055,5.769536934574119
PA125,5.843614684947499
MA616,5.23075604508219
NE153,6.633768290711298
TN179,5.24411093882859
OH025,6.126421562133973
NE718_Sandhills,6.642111167127602
PA005,5.158023847860742
AL127,5.080691592031869
LA071,6.488804936925054
ME003,4.883142592950333
SD102,7.345557468922206
PA075,5.560843794256347
MT093,6.285589060658546
IL089,6.696406695534928
IA095,6.264328317864063
ID019,NA
AZ712,7.958106140183346
IL095,6.2924510978524815
CT001,5.509580260050099
MT109,7.352446562351477
WV087,4.515469032220474
MN149,7.404131322804165
MO151,5.988360625168195
KY069,6.0128030938693895
MD023,4.955571327971241
TX303,7.572415520917665
NC187,4.5996059671503
MN005,6.662872307823585
MS127,5.028338440290786
MT015,7.321455497503151
IL099,6.568719920903223
TX019,7.70513035010232
TX455,5.387374997180811
MS119,5.933026982003253
OH033,6.197085234814984
IA057,6.257954169275178
NM019,7.818727138472106
NE157,7.560700485625694
MO087,6.655480116830217
TN109,5.123368659012136
OK137,6.3962875600593465
NC045,5.616211670759178
AR029,5.494848092606312
TX213,6.077707350549278
MORA,4.688206015214838
PA017,5.709297449966902
TX105,8.047562607198124
IL085,6.46839944664663
GA153,5.158799023235163
IA023,6.460159810259084
ND051,7.1167924427534714
OH091,6.488769229714771
MIIN,7.276048504384398
FL045,5.15890479915196
MT077,5.9895552163928265
AL087,5.245686972614397
WV005,4.818062901363263
NV023,NA
KY047,5.782188928476369
NE053,6.941085035161577
WV017,4.939819433529797
TX283,7.346495428189348
KS079,6.314309383632575
TX626,7.877831044619631
FL015,5.783790659120147
TX405,5.532100118229377
GA275,5.337158521635161
IA079,6.842766986884119
KY003,5.238046711580777
KS179,7.132635975121459
PA021,5.040574876360489
SD057,7.028173477259925
CO101,7.4271416361640465
MOCA,7.278051125742361
IA007,6.278558564601861
CO105,6.215087011925869
WI107,5.543782544582523
WY041,7.651383875450745
TX223,6.1927736377824845
IN001,6.5076243202597075
GA241,5.401580192813322
ME023,4.784502645525424
TX167,6.866713241443644
NJ025,4.856279104671073
IL025,6.2497337954452785
IL161,6.4634448830084255
KY013,5.098877245962407
CA097,NA
DE001,5.665622475348038
KY097,6.512017063950615
NC063,5.4156893514022375
WI011,6.2132377568901855
TN133,5.423226457463861
IN069,6.525044303753961
LA035,6.430147808956262
MD041,5.742378112069782
MN043,6.855941074156088
MO013,6.171784136749094
TN071,5.1268537369557
LA003,4.908340042487898
VA003,5.1927969440047415
NM031,7.593018112849529
VA065,5.131277721490488
OK087,6.757535156740948
IA067,6.543662427207812
NC025,5.715210088495321
MS029,5.163514572813573
KY093,5.999782649030422
IL179,6.353248973919526
IN009,6.6365964012723735
IN059,6.320300535365257
KY063,5.041485029062017
KY610,5.665649741534213
NJ015,5.238907373687664
VAFO,5.705029183884735
WICR,5.780435437032759
MN047,6.7718150745193535
IA105,6.442101784519032
NC015,4.775319051705882
SC035,5.108118721461187
ID051,7.712234567883521
IN161,6.417889953686172
ME005,4.769446436641872
MT055,7.557134444113478
NY101,5.7157444193126725
FL101,5.34060211850498
WA009,5.083549329970417
LA081,5.921747459688814
ME015,4.515289951306493
AL079,5.819005211715612
SC047,5.594806899137608
SD115,6.966029592054276
IL031,6.925471601393165
OH175,6.436801993501418
DENA,4.665935382708109
NE105,7.300659844808051
MA011,5.237389877007311
TX381,7.601531722139778
GA097,5.420920234534865
MA025,5.23075604508219
MI009,5.41316601711319
CA115,6.392208433927409
WV059,4.757885741248317
AZ005,7.850110377810316
AL113,5.152608583911591
NY003,5.650860252659377
HI701,6.170719705362377
ND093,7.180843579557185
TX417,7.792522274368107
IA083,6.7120660421610285
CT013,5.509580260050099
FL071,6.004438495364007
NM001,7.7741946109066395
VA007,5.081911634411909
IN041,6.352373441171595
MO035,5.26749937872253
NY095,5.751097914104559
VA145,5.36503082991995
KY111,5.874012792976519
MN091,7.014947095205806
TX001,5.838029487867179
VA037,5.427145008029979
NE035,5.994671637639294
WY031,7.68345064579011
MD033,4.75820361456515
TX313,6.004143761730778
ID023,NA
GA191,5.50086420695181
LA057,6.238614396661526
OH145,5.236270278197502
CA105,NA
NC059,5.835080822296299
MS063,5.407970984602631
NV033,8.052433277567498
OH123,6.434660420798868
NE077,6.844743040252681
MS023,5.051654501632126
MS051,5.4008566766121024
NY063,6.386217316793735
KS123,7.3809934373528
LA097,6.197080508219903
MS013,5.103946832796246
NY031,4.794334169739674
GA063,5.529302850892836
KY039,5.971438826827058
FL001,5.187690442495399
TX361,5.5171787498073455
SD073,6.953390535943092
VA770,5.257261796115728
TX627,7.991040670986056
AL131,5.257538530529397
TX501,7.6625976604715
NY041,4.605381933381278
GA149,5.436747495072273
OH153,5.569964566085256
OR001,6.153977276867919
MS007,4.944437786991787
KS019,6.259029372063791
WI078,5.382664351559541
VT017,5.509432791576989
GA273,5.330365040576824
MI101,5.16269102413456
MI111,6.0309533827475805
MN025,6.172082808958618
MN127,7.026484039611654
FL057,5.455865776244356
MI125,6.525298916272848
COLM,7.710412738659776
GA237,5.408664864423348
CO003,8.21781219748306
TN187,5.9053097429629915
TX005,5.368170524885168
NE145,6.885470968512301
TN167,5.993035192403484
MO201,5.9911969192313546
KY159,5.287010326060174
TX391,7.236960831412708
VA810,4.956334230462519
GA031,5.2180982503934406
WV107,5.106476105521257
TX433,7.53709734048718
KS031,6.245223527349957
KY149,5.700165047740902
CA795,7.6517070323898455
WA061,5.491259102726568
IL045,6.716065636209155
AK231,4.0168471021247765
RICH,5.122598272845848
IA183,6.269834891333925
TX097,7.370142085378658
PA081,5.093173488568676
WV003,5.687807698334117
AK170,4.782359445783713
AL093,4.9951742679159254
IL077,6.1920581610255
GA249,5.324140668222163
NC165,5.029397853999343
NE113,6.659344160677828
AR147,5.855566516876856
IA029,6.1644188587608815
KS045,6.388985523929959
OK091,5.865668226478026
MD029,5.438857967910783
TX309,7.682263668555884
SD021,7.1754512539752096
GA209,5.3382567383633734
OK047,6.80966222638057
FL079,4.924673038674033
MORU,6.26318843132432
GA321,5.335982917757267
NC087,4.672631270434386
CA023,NA
SC005,5.161929618253815
OH133,5.694059732100246
MT081,5.397821143972123
AL025,4.968994185972545
TN099,5.000231562090922
MO225,5.690097875858846
OH065,6.452953606938579
AK164,4.708226497511846
MI105,5.761137299257191
MN029,6.457264197078651
WAPA,6.527898839878405
MI115,6.715350705254945
KS139,6.169428528720619
PA093,5.35926213627502
ND077,7.30175787950342
WI039,6.715984000650177
NJ035,5.223256811485565
KY637,6.438623193294756
ND007,7.216963915840762
VA700,4.937845352230096
OK111,5.974714027348065
MS049,5.522325173028682
TN111,5.256472672296627
GA291,5.180852296633457
KS149,6.575659619170574
IA033,6.698897143004867
LA051,6.383707514615475
OH161,6.470349314213352
WI117,6.801052196312218
MD013,5.707115656247815
MO211,6.420334530348177
IA171,6.277875675742239
IN021,6.158797836632513
HI001,5.953432963595914
IA009,6.168726734916407
WY019,6.919547870252441
WY043,6.877482509899774
MO181,5.257443918854435
NE123,7.192168617378498
CA019,6.66342507902996
NC143,4.747717167353802
MI121,5.415740821060088
CASA,5.289432065458137
SC029,5.155597048681436
PA121,5.149356409106367
AR129,5.251042319618524
SD007,7.012406530152494
OK045,7.324709596046621
TN650,5.068648250042544
NC197,5.685090078952238
WI075,5.8500383746186895
TX029,7.503247066579434
GA071,5.289454392601933
OK003,6.906327884957299
AR041,6.489754250926356
AR065,5.689660982523558
MO007,6.492654656494511
LA047,6.541917567209759
NY045,6.1227091556415285
OK035,6.0834426535148705
WV623,5.326830339321358
CO095,7.133785060236359
TX059,7.491270068565354
MO215,5.417725973512307
NY011,6.2951031996568485
AL059,5.312202776712536
MS083,5.793013840375792
VA011,5.174015398006824
PA069,5.159543339484808
MO027,6.229419647006064
MS075,5.001946790941859
TN085,5.142922375795588
MO137,6.38817441681995
NM027,7.818856756340693
NM045,7.819815298160852
KS185,6.153087721510524
WI049,6.3941617290993475
TX425,7.429422768675432
TX445,7.685131273603026
MO207,5.869360496623384
OH047,6.421103239086939
OH075,5.695747231252649
KS111,6.469135236531892
KS143,6.414870387450241
IN177,6.472901508510483
KS197,6.649002140667781
CO015,6.878365731980045
MD039,5.454741400140669
TX319,6.98942915111982
IL129,6.462632406301882
NE183,6.688004435253462
MD003,4.9149078503140515
MT063,5.512119204095431
VA595,4.8915230986694205
IN123,5.576418266147613
ME013,4.515289951306493
KY223,6.431976656071987
MI027,6.212347119129086
NJ041,5.651148325131011
KS159,6.296249883454767
AR111,5.956728087732816
MT053,5.814011101114301
VA101,5.069817989381599
GA173,5.0790660729241734
NE007,7.365577692882767
MI131,4.617884137305255
VA735,4.937845352230096
OK151,7.31518109830316
CAVE,7.298115635202373
FL037,4.596407840878662
MN071,5.870021145199025
SD037,7.249067706657056
MN087,6.972604391892216
VA081,4.8915230986694205
IL007,6.570363310378778
PA035,4.877104400058099
MO049,6.471734100942906
NM007,7.165456032521772
SC053,5.3310774657223545
OK067,6.690832741583874
AL015,5.283351647554134
VA181,4.870439408190046
GA311,5.248245148132018
IA043,6.514804167579845
IA129,6.564240338946459
OH173,6.436313454439563
OK027,6.345391483101035
FL041,5.082676841193771
MA003,5.046117461277942
NY009,5.490282882102909
TN055,5.511423321388402
GA111,5.180852296633457
MA606,5.164413965087282
SD123,7.116791646915852
GA201,5.171302256807014
CA041,6.099585547459191
MO119,5.628243005124723
VT011,5.504661026330725
IA039,6.387613136373054
PA079,5.181073372753297
AR119,5.619151293627698
MS009,5.293308917921811
VA199,5.014698984802067
LA105,5.3595910575506895
KS063,7.379890970717975
OR051,5.264581385078969
FL063,5.3100955683199595
MI047,5.969425799724298
TN143,5.297714664044968
ID075,7.3403791992385585
ID087,6.814877088106848
GA255,5.476814355250559
MI127,5.866512067793318
MS011,6.218327975686374
GA065,4.625144728104958
IL001,6.310960171688941
VA029,5.414724456230739
KY035,5.665649741534213
MEH,7.83816842811786
CO115,7.166390571641335
NE071,6.719738080652974
MO101,6.229514196708732
MS021,5.356980716271344
GA283,5.18122110914686
KY023,6.438623193294756
MH,7.729647509578545
NH019,4.565154832792013
GA049,4.640876909461696
KS017,6.657089325275309
LA007,6.4449794446470365
KY623,5.086442276619228
NE165,7.261144382833722
MO097_1,6.0801585532236055
OR027,5.44982037925637
NC177,4.131243821164859
MN153,6.389465886283195
TX499,5.567089382606537
TX507,7.463291505919394
WV065,5.193707963504052
AK016,5.990300877445143
NEPE,6.668211665843186
KS203,7.353898317984626
NC135,5.361416884958969
WI081,5.876146300009148
WV035,5.220569150787243
MN163,6.061402988486906
TN159,5.768287906602174
MO147,6.324857912292263
CO035,6.586274060291129
NH009,4.610719275465673
MI091,6.574249465209025
CO025,7.614971760379879
TX271,7.9501966468470515
MD900,5.111064880289201
PA107,5.174847306049138
PA133,5.6511958712458
CA688,NA
NC167,5.078619412388911
NE111,6.86327534171788
VT003,4.681056533630431
PA051,5.255389651744847
NJ037,5.51732939819957
MI043,5.915899815390509
TX275,7.630947039851586
AR139,5.012880000120539
MS105,5.540404160192862
AL067,5.526850378473171
TX183,5.465357900337456
IA189,6.814372945475915
MI085,5.636268456509352
MI117,6.164363892140974
PA091,5.716443645616107
CA069,7.0038935048631
MT101,7.353169466366394
WV041,5.758277367670896
TX421,7.706337951827637
WI057,5.279672262904702
TX475,7.7354075225984085
SD063,NA
TX045,7.740842564323933
OH107,6.499502052190147
WA011,5.621810086777734
IL137,6.297766405456512
NE169,6.203812663644348
MS091,5.0141831818407585
MT043,6.536759408531965
IN101,5.630538651085516
AL095,5.334380801836174
TX241,5.146696247511207
MT031,NA
TN027,5.734737733883621
VA025,5.214171797159434
KS209,6.445999895887185
KY115,5.198103118673073
NC097,5.722604944884035
NE009,6.643779438659556
MT029,5.960696760410385
VA043,5.710961647525876
NC129,5.111394256865286
NC191,4.926735782328446
WI073,5.733732252233279
MS135,5.245083311187112
SD137,7.217155965199458
WA001,7.4633228785403665
KY077,6.450228601907462
KY193,5.181051479945682
OK005,5.788017615892333
MI021,6.3356694456591764
KY161,6.270513074463502
OR045,5.906596630508335
NY085,NA
TN101,5.065889214474048
GA001,4.915424642363746
OK109,6.337924220575329
WI063,6.175840232912326
WY013,NA
MO199,6.303487970908049
IL193,6.316381859312767
WA053,5.240558992038158
WY021,7.4552719850029305
TX401,5.560542588524615
MS089,5.25186009991151
SC083,5.520880111163465
IA049,6.721942975431657
SC073,5.404422315751621
NE137,6.338063672095958
SC063,5.3984944958277366
FL019,4.8791905233069475
NE091,6.630639346218087
WY005,7.384628370887255
TN083,5.4311502158655305
AZ017,7.840593074204154
SD085,7.244751402567651
IN027,6.1377037870567595
IN019,5.848934134987917
TN019,5.088726331825986
IL187,6.218049822706789
AL105,5.349852706919502
CA037,NA
VA051,5.104318445060451
VA820,4.9753784179687495
AR039,5.214653756142362
MI137,5.420731723013524
NC081,5.7649852377674735
WV063,4.848769310391751
AR047,5.26050451662921
OK077,5.504264526799441
MI077,6.304057687875754
NE718_T1D,6.642111167127602
GA117,5.494037210603623
TX487,7.470447958365361
SC027,4.766340264982013
TN161,5.387550077616068
MT003,7.497209934737752
TX191,7.537300340157907
IL203,6.489063373376678
CA085,6.397734196298248
NJ005,4.616150627478987
AK070,4.731263340557947
WY039,6.151281165857465
OH009,5.547574952756297
OK129,7.283630129087807
NC003,5.509482823185445
NE043,7.207775993584806
TX447,7.758989758481285
OK117,6.487144716252334
NE121,6.977699707914384
MA009,5.234323002501555
MH030,7.729647509578545
TX117,7.641801449186103
TN059,5.687102830959031
WI053,5.342953721909404
MN099,6.488930597447583
SD125,6.943541653993809
VA071,5.2977087087443095
WA019,6.665705147128443
KS003,6.265000784577449
CO059,6.470739231741475
MO043,5.586135834759431
AL009,5.30264300114158
CACO,5.01290209085066
MH385,7.729647509578545
NM025,7.480932394317691
AL017,5.737822362037533
IN037,5.696313637971461
WA065,6.551074786298912
LA089,6.19019786896182
FL003,4.820274758007803
IL153,6.020536118459441
IA145,6.190565956116784
PA037,5.135859645207476
MD021,5.650825957296419
OH039,6.359357843380721
KS039,7.043639900018354
ME029,4.541319230797114
GA007,5.3058719490626105
KY207,5.446455908073646
CO049,5.844244344936598
NC103,4.852170564229236
AL089,5.662555350643522
KY217,5.5507264371737195
TX299,6.655190001018056
TX457,5.213001127572238
NV001,8.182718008905534
GA051,5.395444651890149
WV021,5.188646118868963
MI165,5.636268456509352
NY075,5.225629257795266
IL017,6.5522001831325705
IL061,6.47874632325322
PA049,5.382910246228651
NC039,4.725492878794646
WI125,5.160340536573554
TX087,7.390316400681774
TX131,7.355263446953186
TX493,6.891835334009947
VA620,5.062734437234627
WA029,5.563747594343046
GA317,5.377134293392131
GA139,5.517723895292357
GA307,5.305152152678638
PA127,5.105374727093688
CA091,6.261592597642517
NY089,5.425490690789768
GA121,5.497615912208505
TX207,7.3929427626160145
MO131,5.675651393354769
IN087,6.4229529145368875
MT099,7.43227797244106
NC117,4.7947799702610485
WI029,6.844075150010742
IL131,6.344579421911422
NC137,5.248953530334812
NE135,6.797019594446279
AR091,5.9007333505677035
MN061,6.028258115018086
TX261,7.109792461407865
IN111,6.4908127914853955
CO111,5.967417139005008
WI067,5.589729452336492
WA037,6.2838622288970365
OK135,5.716701328624714
TN177,5.450239721289871
MO055,5.50678378456359
ID081,6.60523377002693
IL141,6.467597424292524
IN159,6.5171303191649725
KY129,5.4367483723411665
NC155,4.897493551825648
MO065,5.273046366127809
MS125,6.094210952769737
KY041,6.450228601907462
AL061,5.031495030394862
CACH,7.958106140183346
IA059,6.788381675021077
KS083,7.311842271921746
KY073,6.481568492370758
KY645,5.349668173454736
AL125,5.021804385059759
TX189,7.564703134448778
PAIS,7.214736335521588
WI007,5.333047104319147
OH011,6.457715079011324
IL023,6.306864406779661
NY119,5.399571010635036
IA151,6.848030117222232
FL097,5.172922768907702
CA630,6.015402143658317
MS059,5.059516067950221
NE718_75H,6.642111167127602
SD069,6.825167023597281
GA159,5.521797398084583
CO097,5.971299205536507
OH097,6.3695408745885675
MOCR,4.919236553520099
IL135,6.442974084558188
LA115,5.272419315262091
MT021,7.556518828656568
TN113,5.203617112015523
NE718T2D,6.642111167127602
TX329,7.817832551295221
KS167,7.3572625459058205
FL033,5.182607584403233
NC123,5.090418934156984
NY079,5.44033209584333
AL029,5.265466257262309
GA167,5.4814538830351065
CA073,NA
MN625,5.935706543529548
MT045,7.345871759065978
MT071,NA
IL145,6.344959772235607
IN107,6.398225924000092
GA287,5.458655953419058
NM057,7.725313530115643
WA047,6.185934242449096
TX171,7.417525573155666
UT011,8.256962488765154
MO165,6.5296372328563805
IL105,6.724872871192132
IA167,6.549387702684517
MT103,7.636582487583602
MO153,5.627628451908636
WV053,5.220569150787243
TX339,5.249199302790073
CA777Arrowhead-BigBe,6.711058948793284
AL051,NA
SC085,5.260017909073825
IN091,6.295470836866652
NC061,5.13388622014779
TX379,6.1927736377824845
TN043,5.6600391867150615
MOJA,7.6517070323898455
TN033,5.573853876218042
IL167,6.276764158208922
WI602,6.74552447691421
NC109,5.787829416228436
AL041,5.0828297195572585
VA157,4.946248052521839
AR061,5.396355177203231
SD043,6.842158771446311
VA089,4.977465117506404
OK081,6.5469027832567015
MO117,6.299762612276987
CAChemehueviValley,7.880420859427878
SD013,7.101580043196408
VA099,5.03040583364334
IN013,5.012385391408171
KS053,6.617490269342112
AR011,5.284793897654872
MI071,5.104355693129169
MO127,6.212316376204501
IA121,6.268509061223708
TX465,8.02131250089346
OH117,6.239856831381327
VA077,5.436130349707023
IA131,6.430171302870827
AR033,5.264805253479877
MD031,5.487074367081924
KY187,6.450228601907462
NE175,6.762818823403742
MS041,5.005495112650127
TN119,5.874158915113598
KY195,5.380930939127455
MS031,4.984611511829746
IL173,6.511644815897184
GA091,5.338078164503338
KS099,6.222655913458633
KY099,5.681998963086302
AZ019,7.602533437051849
MI153,4.704639899569474
NY027,5.569233411009354
SD083,6.939430265078096
TN103,5.624051837831574
GA003,5.104119119440345
OK107,6.113661960545205
WI105,6.564116471532808
TX155,7.730076437060276
IN133,6.2617858022411035
TX149,6.805677331260773
MO091,5.446247861861466
LA001,5.4730984577519015
NJ027,5.21783715123034
SD051,7.103701701077337
CA061,6.0480913189390035
UT037,7.998825700318516
WV600,5.220569150787243
NC009,5.316592025584205
NE073,6.775351054699181
WI097,5.747225351959684
WV057,5.133598856851393
MI033,5.162672926985898
NC077,5.495670842559939
NE179,7.014312323427638
MO189,5.817756648199851
MS017,5.456070977186698
ID037,NA
KS025,7.399896780597466
FL023,4.742948018830914
WI017,5.794032436561453
MD043,5.894218989998878
TX387,6.09431643017177
MO173,6.333073693798129
WA021,7.3263814725304
KY612,6.450228601907462
MI037,6.470448719893711
NM037,7.644900935939789
KY231,5.6675491652506
TX397,6.936741624724959
IN183,6.5359329646003586
OK051,6.500412289396386
CA049,6.834916229867615
TX119,6.7462271890685015
GA103,4.86458710264592
GA263,5.480164915307547
TX255,7.434540779530275
OR025,7.442936911809451
OR031,6.409166297274697
VA163,5.11128150447808
IA069,6.691695941983764
FL053,5.567932665528886
OK071,6.6929471381525225
AR095,6.0058548401807625
CA017,6.077972649712301
NEDO,5.676730346962204
KY607,5.59803917267128
CANY,8.184557198452927
CO077,6.748598543895842
SC041,5.044293465170447
ID033,NA
IN039,6.340236014749629
AL119,5.3909668366994286
MA013,4.921811179784102
SC033,4.948050731379542
IN167,6.34868246941224
LA061,5.371308725951119
TX481,6.515852617970265
MD100,5.111064880289201
TN063,5.558755703412262
FL077,4.941028101055539
FL083,5.200133779971866
